Japanese government data,,,,,HMD Cause of death data,,,,,Differences in rate
agegroup,sex,year,rate,,agegroup,sex,year,rate,,Diff
total ,both,2000,24.1,,total,both,2000,24.4,,0.3
total ,both,2001,23.3,,total,both,2001,23.7,,0.4
total ,both,2002,23.8,,total,both,2002,24.1,,0.3
total ,both,2003,25.5,,total,both,2003,25.8,,0.3
total ,both,2004,24,,total,both,2004,24.3,,0.3
total ,both,2005,24.2,,total,both,2005,24.6,,0.4
total ,both,2006,23.7,,total,both,2006,24.2,,0.5
total ,both,2007,24.4,,total,both,2007,24.9,,0.5
total ,both,2008,24,,total,both,2008,24.5,,0.5
total ,both,2009,24.4,,total,both,2009,24.9,,0.5
total ,both,2010,23.4,,total,both,2010,24.1,,0.7
total ,both,2011,22.9,,total,both,2011,23.6,,0.7
total ,both,2012,21,,total,both,2012,21.7,,0.7
total ,both,2013,20.7,,total,both,2013,21.4,,0.7
total ,both,2014,19.5,,total,both,2014,20.2,,0.7
total ,both,2015,18.5,,total,both,2015,19.2,,0.7
total ,both,2016,16.8,,total,both,2016,17.5,,0.7
total ,both,2017,16.4,,total,both,2017,17.2,,0.8
total ,both,2018,16.1,,total,both,2018,16.9,,0.8
total ,both,2019,15.7,,total,both,2019,16.5,,0.8
10 to 14,both,2000,1.1,,10 to 14,both,2000,1.1,,0
10 to 14,both,2001,0.9,,10 to 14,both,2001,1,,0.1
10 to 14,both,2002,0.6,,10 to 14,both,2002,0.6,,0
10 to 14,both,2003,1.1,,10 to 14,both,2003,1.1,,0
10 to 14,both,2004,0.8,,10 to 14,both,2004,0.8,,0
10 to 14,both,2005,0.7,,10 to 14,both,2005,0.7,,0
10 to 14,both,2006,1.3,,10 to 14,both,2006,1.3,,0
10 to 14,both,2007,0.8,,10 to 14,both,2007,0.8,,0
10 to 14,both,2008,1,,10 to 14,both,2008,1,,0
10 to 14,both,2009,0.9,,10 to 14,both,2009,0.9,,0
10 to 14,both,2010,1.1,,10 to 14,both,2010,1.1,,0
10 to 14,both,2011,1.3,,10 to 14,both,2011,1.3,,0
10 to 14,both,2012,1.3,,10 to 14,both,2012,1.3,,0
10 to 14,both,2013,1.6,,10 to 14,both,2013,1.6,,0
10 to 14,both,2014,1.8,,10 to 14,both,2014,1.8,,0
10 to 14,both,2015,1.6,,10 to 14,both,2015,1.6,,0
10 to 14,both,2016,1.3,,10 to 14,both,2016,1.3,,0
10 to 14,both,2017,1.9,,10 to 14,both,2017,1.9,,0
10 to 14,both,2018,1.9,,10 to 14,both,2018,1.9,,0
10 to 14,both,2019,1.7,,10 to 14,both,2019,1.7,,0
15 to 19,both,2000,6.4,,15 to 19,both,2000,6.5,,0.1
15 to 19,both,2001,6.6,,15 to 19,both,2001,6.7,,0.1
15 to 19,both,2002,5.8,,15 to 19,both,2002,5.9,,0.1
15 to 19,both,2003,7.3,,15 to 19,both,2003,7.4,,0.1
15 to 19,both,2004,7.5,,15 to 19,both,2004,7.6,,0.1
15 to 19,both,2005,7.8,,15 to 19,both,2005,7.9,,0.1
15 to 19,both,2006,7.9,,15 to 19,both,2006,8,,0.1
15 to 19,both,2007,7.3,,15 to 19,both,2007,7.5,,0.2
15 to 19,both,2008,8.3,,15 to 19,both,2008,8.5,,0.2
15 to 19,both,2009,7.6,,15 to 19,both,2009,7.9,,0.3
15 to 19,both,2010,7.5,,15 to 19,both,2010,7.7,,0.2
15 to 19,both,2011,8.5,,15 to 19,both,2011,8.7,,0.2
15 to 19,both,2012,8.5,,15 to 19,both,2012,8.7,,0.2
15 to 19,both,2013,7.6,,15 to 19,both,2013,7.8,,0.2
15 to 19,both,2014,7.3,,15 to 19,both,2014,7.4,,0.1
15 to 19,both,2015,7.5,,15 to 19,both,2015,7.6,,0.1
15 to 19,both,2016,7.2,,15 to 19,both,2016,7.4,,0.2
15 to 19,both,2017,7.8,,15 to 19,both,2017,8,,0.2
15 to 19,both,2018,8.7,,15 to 19,both,2018,8.9,,0.2
15 to 19,both,2019,9.9,,15 to 19,both,2019,10,,0.1
20 to 24,both,2000,16,,20 to 24,both,2000,16.3,,0.3
20 to 24,both,2001,14.8,,20 to 24,both,2001,15,,0.2
20 to 24,both,2002,15.1,,20 to 24,both,2002,15.5,,0.4
20 to 24,both,2003,15.8,,20 to 24,both,2003,16.3,,0.5
20 to 24,both,2004,17.5,,20 to 24,both,2004,18.2,,0.7
20 to 24,both,2005,19.1,,20 to 24,both,2005,19.4,,0.3
20 to 24,both,2006,19.6,,20 to 24,both,2006,20,,0.4
20 to 24,both,2007,19.8,,20 to 24,both,2007,20.4,,0.6
20 to 24,both,2008,21.7,,20 to 24,both,2008,22.5,,0.8
20 to 24,both,2009,22.1,,20 to 24,both,2009,22.9,,0.8
20 to 24,both,2010,21.8,,20 to 24,both,2010,22.2,,0.4
20 to 24,both,2011,22.9,,20 to 24,both,2011,23.4,,0.5
20 to 24,both,2012,21,,20 to 24,both,2012,21.8,,0.8
20 to 24,both,2013,20.9,,20 to 24,both,2013,21.4,,0.5
20 to 24,both,2014,19.7,,20 to 24,both,2014,20.6,,0.9
20 to 24,both,2015,17.9,,20 to 24,both,2015,18.5,,0.6
20 to 24,both,2016,17,,20 to 24,both,2016,17.5,,0.5
20 to 24,both,2017,17.8,,20 to 24,both,2017,18.3,,0.5
20 to 24,both,2018,17.5,,20 to 24,both,2018,18.2,,0.7
20 to 24,both,2019,17.4,,20 to 24,both,2019,18.1,,0.7
25 to 29 ,both,2000,18.1,,25 to 29,both,2000,18.5,,0.4
25 to 29 ,both,2001,17.9,,25 to 29,both,2001,18.3,,0.4
25 to 29 ,both,2002,17.3,,25 to 29,both,2002,17.6,,0.3
25 to 29 ,both,2003,21,,25 to 29,both,2003,21.3,,0.3
25 to 29 ,both,2004,20,,25 to 29,both,2004,20.5,,0.5
25 to 29 ,both,2005,22,,25 to 29,both,2005,22.3,,0.3
25 to 29 ,both,2006,22.8,,25 to 29,both,2006,23.2,,0.4
25 to 29 ,both,2007,21.6,,25 to 29,both,2007,21.9,,0.3
25 to 29 ,both,2008,23.1,,25 to 29,both,2008,23.6,,0.5
25 to 29 ,both,2009,23.9,,25 to 29,both,2009,24.6,,0.7
25 to 29 ,both,2010,22.8,,25 to 29,both,2010,23.4,,0.6
25 to 29 ,both,2011,24.1,,25 to 29,both,2011,24.7,,0.6
25 to 29 ,both,2012,23.2,,25 to 29,both,2012,23.8,,0.6
25 to 29 ,both,2013,21.4,,25 to 29,both,2013,21.9,,0.5
25 to 29 ,both,2014,22,,25 to 29,both,2014,22.5,,0.5
25 to 29 ,both,2015,19.6,,25 to 29,both,2015,20.2,,0.6
25 to 29 ,both,2016,19,,25 to 29,both,2016,19.7,,0.7
25 to 29 ,both,2017,17.5,,25 to 29,both,2017,18.2,,0.7
25 to 29 ,both,2018,18,,25 to 29,both,2018,18.6,,0.6
25 to 29 ,both,2019,16.9,,25 to 29,both,2019,17.4,,0.5
30 to 34,both,2000,20.2,,30 to 34,both,2000,20.6,,0.4
30 to 34,both,2001,18.6,,30 to 34,both,2001,19.4,,0.8
30 to 34,both,2002,19.9,,30 to 34,both,2002,20.6,,0.7
30 to 34,both,2003,22.9,,30 to 34,both,2003,23.6,,0.7
30 to 34,both,2004,21.3,,30 to 34,both,2004,22.1,,0.8
30 to 34,both,2005,23.1,,30 to 34,both,2005,23.7,,0.6
30 to 34,both,2006,21.4,,30 to 34,both,2006,21.9,,0.5
30 to 34,both,2007,22.4,,30 to 34,both,2007,22.7,,0.3
30 to 34,both,2008,24.5,,30 to 34,both,2008,24.7,,0.2
30 to 34,both,2009,23.9,,30 to 34,both,2009,24.3,,0.4
30 to 34,both,2010,23.4,,30 to 34,both,2010,24.1,,0.7
30 to 34,both,2011,23.2,,30 to 34,both,2011,23.8,,0.6
30 to 34,both,2012,20.8,,30 to 34,both,2012,21.3,,0.5
30 to 34,both,2013,21.5,,30 to 34,both,2013,22,,0.5
30 to 34,both,2014,20.9,,30 to 34,both,2014,21.5,,0.6
30 to 34,both,2015,19.5,,30 to 34,both,2015,20.1,,0.6
30 to 34,both,2016,17.8,,30 to 34,both,2016,18.5,,0.7
30 to 34,both,2017,18.6,,30 to 34,both,2017,19.4,,0.8
30 to 34,both,2018,18.5,,30 to 34,both,2018,19,,0.5
30 to 34,both,2019,17.7,,30 to 34,both,2019,18.3,,0.6
35 to 39,both,2000,21.5,,35 to 39,both,2000,22.4,,0.9
35 to 39,both,2001,21.5,,35 to 39,both,2001,22,,0.5
35 to 39,both,2002,21.8,,35 to 39,both,2002,22.5,,0.7
35 to 39,both,2003,25.1,,35 to 39,both,2003,25.9,,0.8
35 to 39,both,2004,23.3,,35 to 39,both,2004,24,,0.7
35 to 39,both,2005,24.4,,35 to 39,both,2005,24.9,,0.5
35 to 39,both,2006,23.7,,35 to 39,both,2006,24.6,,0.9
35 to 39,both,2007,25.4,,35 to 39,both,2007,26.3,,0.9
35 to 39,both,2008,25,,35 to 39,both,2008,25.8,,0.8
35 to 39,both,2009,25.9,,35 to 39,both,2009,26.7,,0.8
35 to 39,both,2010,24.2,,35 to 39,both,2010,25.2,,1
35 to 39,both,2011,24.8,,35 to 39,both,2011,25.7,,0.9
35 to 39,both,2012,21.5,,35 to 39,both,2012,22.2,,0.7
35 to 39,both,2013,22.2,,35 to 39,both,2013,22.8,,0.6
35 to 39,both,2014,20.7,,35 to 39,both,2014,21.3,,0.6
35 to 39,both,2015,19.1,,35 to 39,both,2015,19.7,,0.6
35 to 39,both,2016,18.2,,35 to 39,both,2016,18.9,,0.7
35 to 39,both,2017,17.8,,35 to 39,both,2017,18.5,,0.7
35 to 39,both,2018,17.2,,35 to 39,both,2018,17.8,,0.6
35 to 39,both,2019,17.6,,35 to 39,both,2019,18.2,,0.6
40 to 44,both,2000,23.7,,40 to 44,both,2000,24.2,,0.5
40 to 44,both,2001,25.1,,40 to 44,both,2001,25.7,,0.6
40 to 44,both,2002,26.2,,40 to 44,both,2002,27,,0.8
40 to 44,both,2003,30.4,,40 to 44,both,2003,31.2,,0.8
40 to 44,both,2004,28.4,,40 to 44,both,2004,29.2,,0.8
40 to 44,both,2005,29,,40 to 44,both,2005,30,,1
40 to 44,both,2006,28.6,,40 to 44,both,2006,29.2,,0.6
40 to 44,both,2007,28.1,,40 to 44,both,2007,29,,0.9
40 to 44,both,2008,27.8,,40 to 44,both,2008,28.7,,0.9
40 to 44,both,2009,28.7,,40 to 44,both,2009,29.6,,0.9
40 to 44,both,2010,26.9,,40 to 44,both,2010,28,,1.1
40 to 44,both,2011,26.3,,40 to 44,both,2011,27.8,,1.5
40 to 44,both,2012,23.2,,40 to 44,both,2012,24.4,,1.2
40 to 44,both,2013,22.8,,40 to 44,both,2013,23.9,,1.1
40 to 44,both,2014,21.2,,40 to 44,both,2014,22.2,,1
40 to 44,both,2015,20.5,,40 to 44,both,2015,21.4,,0.9
40 to 44,both,2016,18.2,,40 to 44,both,2016,19,,0.8
40 to 44,both,2017,17.6,,40 to 44,both,2017,18.2,,0.6
40 to 44,both,2018,17.6,,40 to 44,both,2018,18.3,,0.7
40 to 44,both,2019,17.5,,40 to 44,both,2019,18.2,,0.7
45 to 49,both,2000,30.7,,45 to 49,both,2000,30.9,,0.2
45 to 49,both,2001,29,,45 to 49,both,2001,29.4,,0.4
45 to 49,both,2002,30.8,,45 to 49,both,2002,31.1,,0.3
45 to 49,both,2003,34.6,,45 to 49,both,2003,35.2,,0.6
45 to 49,both,2004,32.4,,45 to 49,both,2004,33.1,,0.7
45 to 49,both,2005,33.6,,45 to 49,both,2005,34.3,,0.7
45 to 49,both,2006,31.7,,45 to 49,both,2006,32.4,,0.7
45 to 49,both,2007,32.9,,45 to 49,both,2007,33.8,,0.9
45 to 49,both,2008,31.1,,45 to 49,both,2008,32,,0.9
45 to 49,both,2009,32.1,,45 to 49,both,2009,33,,0.9
45 to 49,both,2010,30.9,,45 to 49,both,2010,32.6,,1.7
45 to 49,both,2011,30,,45 to 49,both,2011,30.9,,0.9
45 to 49,both,2012,27.4,,45 to 49,both,2012,28.6,,1.2
45 to 49,both,2013,26.7,,45 to 49,both,2013,27.9,,1.2
45 to 49,both,2014,24.1,,45 to 49,both,2014,25.2,,1.1
45 to 49,both,2015,22.8,,45 to 49,both,2015,23.7,,0.9
45 to 49,both,2016,20.7,,45 to 49,both,2016,22,,1.3
45 to 49,both,2017,20.1,,45 to 49,both,2017,21.3,,1.2
45 to 49,both,2018,19.1,,45 to 49,both,2018,20.3,,1.2
45 to 49,both,2019,18.9,,45 to 49,both,2019,20,,1.1
50 to 54,both,2000,37.9,,50 to 54,both,2000,39.2,,1.3
50 to 54,both,2001,36.6,,50 to 54,both,2001,37.7,,1.1
50 to 54,both,2002,39.2,,50 to 54,both,2002,39.5,,0.3
50 to 54,both,2003,40.6,,50 to 54,both,2003,40.8,,0.2
50 to 54,both,2004,36.8,,50 to 54,both,2004,36.8,,0
50 to 54,both,2005,36.7,,50 to 54,both,2005,36.9,,0.2
50 to 54,both,2006,33.9,,50 to 54,both,2006,34.3,,0.4
50 to 54,both,2007,34.9,,50 to 54,both,2007,35.2,,0.3
50 to 54,both,2008,32.9,,50 to 54,both,2008,33.5,,0.6
50 to 54,both,2009,36.1,,50 to 54,both,2009,37,,0.9
50 to 54,both,2010,34.4,,50 to 54,both,2010,35.6,,1.2
50 to 54,both,2011,32.4,,50 to 54,both,2011,33.4,,1
50 to 54,both,2012,30,,50 to 54,both,2012,31.2,,1.2
50 to 54,both,2013,29,,50 to 54,both,2013,30.1,,1.1
50 to 54,both,2014,26.2,,50 to 54,both,2014,27.3,,1.1
50 to 54,both,2015,25.4,,50 to 54,both,2015,26.8,,1.4
50 to 54,both,2016,23.8,,50 to 54,both,2016,24.8,,1
50 to 54,both,2017,22.8,,50 to 54,both,2017,24.1,,1.3
50 to 54,both,2018,22.5,,50 to 54,both,2018,23.9,,1.4
50 to 54,both,2019,20.7,,50 to 54,both,2019,22,,1.3
55 to 59,both,2000,45,,55 to 59,both,2000,45.7,,0.7
55 to 59,both,2001,42.2,,55 to 59,both,2001,42.4,,0.2
55 to 59,both,2002,44.1,,55 to 59,both,2002,45.3,,1.2
55 to 59,both,2003,43.8,,55 to 59,both,2003,44.8,,1
55 to 59,both,2004,40.7,,55 to 59,both,2004,41.8,,1.1
55 to 59,both,2005,38.3,,55 to 59,both,2005,39.7,,1.4
55 to 59,both,2006,36.9,,55 to 59,both,2006,38,,1.1
55 to 59,both,2007,36.8,,55 to 59,both,2007,37.2,,0.4
55 to 59,both,2008,35.5,,55 to 59,both,2008,35.7,,0.2
55 to 59,both,2009,36.7,,55 to 59,both,2009,36.7,,0
55 to 59,both,2010,34,,55 to 59,both,2010,34.6,,0.6
55 to 59,both,2011,31.9,,55 to 59,both,2011,32.6,,0.7
55 to 59,both,2012,27.3,,55 to 59,both,2012,27.8,,0.5
55 to 59,both,2013,26.8,,55 to 59,both,2013,27.5,,0.7
55 to 59,both,2014,26.3,,55 to 59,both,2014,27.1,,0.8
55 to 59,both,2015,24.2,,55 to 59,both,2015,25.1,,0.9
55 to 59,both,2016,22.6,,55 to 59,both,2016,23.5,,0.9
55 to 59,both,2017,21.9,,55 to 59,both,2017,22.9,,1
55 to 59,both,2018,20.7,,55 to 59,both,2018,21.7,,1
55 to 59,both,2019,20.5,,55 to 59,both,2019,21.7,,1.2
60 to 64,both,2000,38.5,,60 to 64,both,2000,39.1,,0.6
60 to 64,both,2001,36.7,,60 to 64,both,2001,37.6,,0.9
60 to 64,both,2002,36.9,,60 to 64,both,2002,37.5,,0.6
60 to 64,both,2003,37.7,,60 to 64,both,2003,38.5,,0.8
60 to 64,both,2004,34,,60 to 64,both,2004,34.7,,0.7
60 to 64,both,2005,34.1,,60 to 64,both,2005,34.6,,0.5
60 to 64,both,2006,33.2,,60 to 64,both,2006,33.4,,0.2
60 to 64,both,2007,34.4,,60 to 64,both,2007,35.3,,0.9
60 to 64,both,2008,33.2,,60 to 64,both,2008,34.1,,0.9
60 to 64,both,2009,32.6,,60 to 64,both,2009,33.6,,1
60 to 64,both,2010,31.1,,60 to 64,both,2010,32.4,,1.3
60 to 64,both,2011,28.6,,60 to 64,both,2011,29.7,,1.1
60 to 64,both,2012,25.6,,60 to 64,both,2012,26,,0.4
60 to 64,both,2013,24,,60 to 64,both,2013,24.4,,0.4
60 to 64,both,2014,22.4,,60 to 64,both,2014,22.5,,0.1
60 to 64,both,2015,21.3,,60 to 64,both,2015,21.7,,0.4
60 to 64,both,2016,19.3,,60 to 64,both,2016,19.9,,0.6
60 to 64,both,2017,18.3,,60 to 64,both,2017,18.9,,0.6
60 to 64,both,2018,18,,60 to 64,both,2018,18.7,,0.7
60 to 64,both,2019,18.1,,60 to 64,both,2019,19,,0.9
65 to 69,both,2000,33.1,,65 to 69,both,2000,33.7,,0.6
65 to 69,both,2001,32.3,,65 to 69,both,2001,32.9,,0.6
65 to 69,both,2002,32.8,,65 to 69,both,2002,33.3,,0.5
65 to 69,both,2003,34.3,,65 to 69,both,2003,34.6,,0.3
65 to 69,both,2004,30.2,,65 to 69,both,2004,30.4,,0.2
65 to 69,both,2005,28.5,,65 to 69,both,2005,28.9,,0.4
65 to 69,both,2006,29,,65 to 69,both,2006,29.6,,0.6
65 to 69,both,2007,31.5,,65 to 69,both,2007,32.1,,0.6
65 to 69,both,2008,30.2,,65 to 69,both,2008,31,,0.8
65 to 69,both,2009,30.3,,65 to 69,both,2009,31.1,,0.8
65 to 69,both,2010,29.5,,65 to 69,both,2010,30.2,,0.7
65 to 69,both,2011,28.1,,65 to 69,both,2011,28.4,,0.3
65 to 69,both,2012,26,,65 to 69,both,2012,26.9,,0.9
65 to 69,both,2013,25.1,,65 to 69,both,2013,26,,0.9
65 to 69,both,2014,23.5,,65 to 69,both,2014,24.4,,0.9
65 to 69,both,2015,20.9,,65 to 69,both,2015,21.8,,0.9
65 to 69,both,2016,18.3,,65 to 69,both,2016,19.1,,0.8
65 to 69,both,2017,17.9,,65 to 69,both,2017,18.4,,0.5
65 to 69,both,2018,16.8,,65 to 69,both,2018,17.3,,0.5
65 to 69,both,2019,16.4,,65 to 69,both,2019,16.8,,0.4
70 to 74,both,2000,30.4,,70 to 74,both,2000,30.9,,0.5
70 to 74,both,2001,30.3,,70 to 74,both,2001,30.8,,0.5
70 to 74,both,2002,27.3,,70 to 74,both,2002,27.8,,0.5
70 to 74,both,2003,29.5,,70 to 74,both,2003,29.9,,0.4
70 to 74,both,2004,27.9,,70 to 74,both,2004,28.2,,0.3
70 to 74,both,2005,28,,70 to 74,both,2005,28.5,,0.5
70 to 74,both,2006,28.6,,70 to 74,both,2006,29.1,,0.5
70 to 74,both,2007,30.8,,70 to 74,both,2007,31.3,,0.5
70 to 74,both,2008,27.9,,70 to 74,both,2008,28.3,,0.4
70 to 74,both,2009,27.6,,70 to 74,both,2009,27.9,,0.3
70 to 74,both,2010,26.4,,70 to 74,both,2010,27,,0.6
70 to 74,both,2011,26.4,,70 to 74,both,2011,27.2,,0.8
70 to 74,both,2012,25.7,,70 to 74,both,2012,26.3,,0.6
70 to 74,both,2013,26.2,,70 to 74,both,2013,27,,0.8
70 to 74,both,2014,23.5,,70 to 74,both,2014,24.4,,0.9
70 to 74,both,2015,24.2,,70 to 74,both,2015,24.9,,0.7
70 to 74,both,2016,20.5,,70 to 74,both,2016,20.9,,0.4
70 to 74,both,2017,19.3,,70 to 74,both,2017,20.2,,0.9
70 to 74,both,2018,18.2,,70 to 74,both,2018,19.2,,1
70 to 74,both,2019,17.5,,70 to 74,both,2019,18.5,,1
75 to 79,both,2000,31.3,,75 to 79,both,2000,32,,0.7
75 to 79,both,2001,29.6,,75 to 79,both,2001,30.4,,0.8
75 to 79,both,2002,29.2,,75 to 79,both,2002,29.9,,0.7
75 to 79,both,2003,27.6,,75 to 79,both,2003,28.2,,0.6
75 to 79,both,2004,27.8,,75 to 79,both,2004,28.3,,0.5
75 to 79,both,2005,26.7,,75 to 79,both,2005,27.2,,0.5
75 to 79,both,2006,27.5,,75 to 79,both,2006,28,,0.5
75 to 79,both,2007,27.9,,75 to 79,both,2007,28.5,,0.6
75 to 79,both,2008,27.5,,75 to 79,both,2008,28.1,,0.6
75 to 79,both,2009,27.7,,75 to 79,both,2009,28.2,,0.5
75 to 79,both,2010,26.9,,75 to 79,both,2010,27.6,,0.7
75 to 79,both,2011,26.4,,75 to 79,both,2011,27.1,,0.7
75 to 79,both,2012,25.4,,75 to 79,both,2012,26.2,,0.8
75 to 79,both,2013,26.3,,75 to 79,both,2013,27,,0.7
75 to 79,both,2014,24.1,,75 to 79,both,2014,24.8,,0.7
75 to 79,both,2015,22.9,,75 to 79,both,2015,23.6,,0.7
75 to 79,both,2016,20.6,,75 to 79,both,2016,21.5,,0.9
75 to 79,both,2017,19.3,,75 to 79,both,2017,20.2,,0.9
75 to 79,both,2018,19.7,,75 to 79,both,2018,20.8,,1.1
75 to 79,both,2019,18.1,,75 to 79,both,2019,19.2,,1.1
80 to 84,both,2000,40.7,,80 to 84,both,2000,42.6,,1.9
80 to 84,both,2001,37.4,,80 to 84,both,2001,38.8,,1.4
80 to 84,both,2002,33.4,,80 to 84,both,2002,34.7,,1.3
80 to 84,both,2003,32.3,,80 to 84,both,2003,33.7,,1.4
80 to 84,both,2004,33.1,,80 to 84,both,2004,34.6,,1.5
80 to 84,both,2005,30.5,,80 to 84,both,2005,31.9,,1.4
80 to 84,both,2006,28.6,,80 to 84,both,2006,30,,1.4
80 to 84,both,2007,30.6,,80 to 84,both,2007,32.1,,1.5
80 to 84,both,2008,28.4,,80 to 84,both,2008,29.8,,1.4
80 to 84,both,2009,27.3,,80 to 84,both,2009,28.6,,1.3
80 to 84,both,2010,26.2,,80 to 84,both,2010,27.5,,1.3
80 to 84,both,2011,25.9,,80 to 84,both,2011,27.2,,1.3
80 to 84,both,2012,25.1,,80 to 84,both,2012,26.5,,1.4
80 to 84,both,2013,25.5,,80 to 84,both,2013,26.8,,1.3
80 to 84,both,2014,24.9,,80 to 84,both,2014,26.2,,1.3
80 to 84,both,2015,24.6,,80 to 84,both,2015,26.1,,1.5
80 to 84,both,2016,21,,80 to 84,both,2016,22.3,,1.3
80 to 84,both,2017,21,,80 to 84,both,2017,22.3,,1.3
80 to 84,both,2018,20.7,,80 to 84,both,2018,22,,1.3
80 to 84,both,2019,19.6,,80 to 84,both,2019,21,,1.4
85 to 89,both,2000,47.1,,85 to 89,both,2000,50.6,,3.5
85 to 89,both,2001,45.8,,85 to 89,both,2001,49.2,,3.4
85 to 89,both,2002,41.4,,85 to 89,both,2002,44.2,,2.8
85 to 89,both,2003,40.9,,85 to 89,both,2003,43.3,,2.4
85 to 89,both,2004,37.4,,85 to 89,both,2004,39.3,,1.9
85 to 89,both,2005,33.8,,85 to 89,both,2005,36.5,,2.7
85 to 89,both,2006,35.4,,85 to 89,both,2006,37.9,,2.5
85 to 89,both,2007,36.5,,85 to 89,both,2007,39.2,,2.7
85 to 89,both,2008,32.5,,85 to 89,both,2008,35,,2.5
85 to 89,both,2009,30.6,,85 to 89,both,2009,33.1,,2.5
85 to 89,both,2010,29.1,,85 to 89,both,2010,31.4,,2.3
85 to 89,both,2011,29.4,,85 to 89,both,2011,32,,2.6
85 to 89,both,2012,26.1,,85 to 89,both,2012,28.6,,2.5
85 to 89,both,2013,27,,85 to 89,both,2013,29.8,,2.8
85 to 89,both,2014,24.2,,85 to 89,both,2014,26.8,,2.6
85 to 89,both,2015,23.1,,85 to 89,both,2015,25.5,,2.4
85 to 89,both,2016,21.2,,85 to 89,both,2016,23.6,,2.4
85 to 89,both,2017,19.5,,85 to 89,both,2017,21.8,,2.3
85 to 89,both,2018,20.2,,85 to 89,both,2018,22.6,,2.4
85 to 89,both,2019,18.6,,85 to 89,both,2019,20.9,,2.3
90 to 94,both,2000,47.8,,90 to 94,both,2000,54.5,,6.7
90 to 94,both,2001,42.4,,90 to 94,both,2001,50.1,,7.7
90 to 94,both,2002,44.3,,90 to 94,both,2002,54.3,,10
90 to 94,both,2003,38.9,,90 to 94,both,2003,44.1,,5.2
90 to 94,both,2004,34.8,,90 to 94,both,2004,42.8,,8
90 to 94,both,2005,37.6,,90 to 94,both,2005,42.8,,5.2
90 to 94,both,2006,34.8,,90 to 94,both,2006,39.8,,5
90 to 94,both,2007,37.7,,90 to 94,both,2007,43.1,,5.4
90 to 94,both,2008,33.4,,90 to 94,both,2008,38.4,,5
90 to 94,both,2009,32.3,,90 to 94,both,2009,36.9,,4.6
90 to 94,both,2010,31.5,,90 to 94,both,2010,36.2,,4.7
90 to 94,both,2011,28.8,,90 to 94,both,2011,33.1,,4.3
90 to 94,both,2012,27.7,,90 to 94,both,2012,32.3,,4.6
90 to 94,both,2013,28.2,,90 to 94,both,2013,33.2,,5
90 to 94,both,2014,23.3,,90 to 94,both,2014,27.8,,4.5
90 to 94,both,2015,22.9,,90 to 94,both,2015,26.9,,4
90 to 94,both,2016,20.6,,90 to 94,both,2016,24.6,,4
90 to 94,both,2017,19.3,,90 to 94,both,2017,23.4,,4.1
90 to 94,both,2018,17.5,,90 to 94,both,2018,21.4,,3.9
90 to 94,both,2019,16.6,,90 to 94,both,2019,20.2,,3.6
95 to 99,both,2000,,,95 to 99,both,2000,62,,
95 to 99,both,2001,,,95 to 99,both,2001,49.2,,
95 to 99,both,2002,,,95 to 99,both,2002,44.2,,
95 to 99,both,2003,,,95 to 99,both,2003,52.5,,
95 to 99,both,2004,...,,95 to 99,both,2004,33.3,,
95 to 99,both,2005,31.2,,95 to 99,both,2005,38.4,,7.2
95 to 99,both,2006,25.1,,95 to 99,both,2006,31.2,,6.1
95 to 99,both,2007,28.1,,95 to 99,both,2007,35.4,,7.3
95 to 99,both,2008,23.2,,95 to 99,both,2008,30.1,,6.9
95 to 99,both,2009,23.7,,95 to 99,both,2009,31.4,,7.7
95 to 99,both,2010,27.9,,95 to 99,both,2010,33.4,,5.5
95 to 99,both,2011,24.7,,95 to 99,both,2011,30.6,,5.9
95 to 99,both,2012,23.9,,95 to 99,both,2012,,,
95 to 99,both,2013,23.7,,95 to 99,both,2013,,,
95 to 99,both,2014,21.9,,95 to 99,both,2014,,,
95 to 99,both,2015,20.2,,95 to 99,both,2015,,,
95 to 99,both,2016,13.9,,95 to 99,both,2016,,,
95 to 99,both,2017,19.8,,95 to 99,both,2017,,,
95 to 99,both,2018,13.9,,95 to 99,both,2018,,,
95 to 99,both,2019,10.5,,95 to 99,both,2019,,,
100+,both,2000,,,100+,both,2000,51.8,,
100+,both,2001,,,100+,both,2001,18.4,,
100+,both,2002,,,100+,both,2002,7.6,,
100+,both,2003,,,100+,both,2003,32.7,,
100+,both,2004,...,,100+,both,2004,23.2,,
100+,both,2005,31.5,,100+,both,2005,41.3,,9.8
100+,both,2006,27.6,,100+,both,2006,39.3,,11.7
100+,both,2007,20,,100+,both,2007,30,,10
100+,both,2008,9.8,,100+,both,2008,15.6,,5.8
100+,both,2009,25,,100+,both,2009,40,,15
100+,both,2010,11.4,,100+,both,2010,16.1,,4.7
100+,both,2011,10.6,,100+,both,2011,14.3,,3.7
100+,both,2012,13.7,,100+,both,2012,,,
100+,both,2013,7.3,,100+,both,2013,,,
100+,both,2014,11.7,,100+,both,2014,,,
100+,both,2015,21.1,,100+,both,2015,,,
100+,both,2016,13.8,,100+,both,2016,,,
100+,both,2017,17.9,,100+,both,2017,,,
100+,both,2018,17.4,,100+,both,2018,,,
100+,both,2019,4.3,,100+,both,2019,,,
total ,male,2000,35.2,,total,male,2000,35.6,,0.4
total ,male,2001,34.2,,total,male,2001,34.7,,0.5
total ,male,2002,35.2,,total,male,2002,35.7,,0.5
total ,male,2003,38,,total,male,2003,38.5,,0.5
total ,male,2004,35.6,,total,male,2004,36.2,,0.6
total ,male,2005,36.1,,total,male,2005,36.7,,0.6
total ,male,2006,34.8,,total,male,2006,35.4,,0.6
total ,male,2007,35.8,,total,male,2007,36.5,,0.7
total ,male,2008,35.1,,total,male,2008,35.8,,0.7
total ,male,2009,36.2,,total,male,2009,37,,0.8
total ,male,2010,34.2,,total,male,2010,35.2,,1
total ,male,2011,32.4,,total,male,2011,33.4,,1
total ,male,2012,30.1,,total,male,2012,31.1,,1
total ,male,2013,29.7,,total,male,2013,30.7,,1
total ,male,2014,27.6,,total,male,2014,28.7,,1.1
total ,male,2015,26.6,,total,male,2015,27.6,,1
total ,male,2016,24.1,,total,male,2016,25.1,,1
total ,male,2017,23.6,,total,male,2017,24.7,,1.1
total ,male,2018,22.9,,total,male,2018,24.1,,1.2
total ,male,2019,22.7,,total,male,2019,23.9,,1.2
10 to 14,male,2000,1.7,,10 to 14,male,2000,1.7,,0
10 to 14,male,2001,1.2,,10 to 14,male,2001,1.2,,0
10 to 14,male,2002,0.8,,10 to 14,male,2002,0.8,,0
10 to 14,male,2003,1,,10 to 14,male,2003,1,,0
10 to 14,male,2004,0.9,,10 to 14,male,2004,0.9,,0
10 to 14,male,2005,0.9,,10 to 14,male,2005,0.9,,0
10 to 14,male,2006,1.8,,10 to 14,male,2006,1.9,,0.1
10 to 14,male,2007,1,,10 to 14,male,2007,1,,0
10 to 14,male,2008,1.3,,10 to 14,male,2008,1.4,,0.1
10 to 14,male,2009,1.1,,10 to 14,male,2009,1.1,,0
10 to 14,male,2010,1.4,,10 to 14,male,2010,1.4,,0
10 to 14,male,2011,1.7,,10 to 14,male,2011,1.8,,0.1
10 to 14,male,2012,1.8,,10 to 14,male,2012,1.9,,0.1
10 to 14,male,2013,1.9,,10 to 14,male,2013,2,,0.1
10 to 14,male,2014,2.3,,10 to 14,male,2014,2.3,,0
10 to 14,male,2015,2.1,,10 to 14,male,2015,2.2,,0.1
10 to 14,male,2016,1.5,,10 to 14,male,2016,1.6,,0.1
10 to 14,male,2017,2.1,,10 to 14,male,2017,2.2,,0.1
10 to 14,male,2018,2.4,,10 to 14,male,2018,2.4,,0
10 to 14,male,2019,1.7,,10 to 14,male,2019,1.8,,0.1
15 to 19,male,2000,8.8,,15 to 19,male,2000,8.9,,0.1
15 to 19,male,2001,8.4,,15 to 19,male,2001,8.6,,0.2
15 to 19,male,2002,7.6,,15 to 19,male,2002,7.7,,0.1
15 to 19,male,2003,8.8,,15 to 19,male,2003,9,,0.2
15 to 19,male,2004,9.1,,15 to 19,male,2004,9.2,,0.1
15 to 19,male,2005,9.6,,15 to 19,male,2005,9.7,,0.1
15 to 19,male,2006,9.9,,15 to 19,male,2006,10.1,,0.2
15 to 19,male,2007,8.9,,15 to 19,male,2007,9.2,,0.3
15 to 19,male,2008,9.8,,15 to 19,male,2008,10,,0.2
15 to 19,male,2009,9.7,,15 to 19,male,2009,9.9,,0.2
15 to 19,male,2010,9.7,,15 to 19,male,2010,10,,0.3
15 to 19,male,2011,11.1,,15 to 19,male,2011,11.4,,0.3
15 to 19,male,2012,11.3,,15 to 19,male,2012,11.5,,0.2
15 to 19,male,2013,10.5,,15 to 19,male,2013,10.7,,0.2
15 to 19,male,2014,10.3,,15 to 19,male,2014,10.4,,0.1
15 to 19,male,2015,10.1,,15 to 19,male,2015,10.3,,0.2
15 to 19,male,2016,9.8,,15 to 19,male,2016,10.1,,0.3
15 to 19,male,2017,11.1,,15 to 19,male,2017,11.4,,0.3
15 to 19,male,2018,10.3,,15 to 19,male,2018,10.6,,0.3
15 to 19,male,2019,13.2,,15 to 19,male,2019,13.3,,0.1
20 to 24,male,2000,22,,20 to 24,male,2000,22.4,,0.4
20 to 24,male,2001,20.1,,20 to 24,male,2001,20.6,,0.5
20 to 24,male,2002,21.3,,20 to 24,male,2002,21.9,,0.6
20 to 24,male,2003,21.5,,20 to 24,male,2003,22.3,,0.8
20 to 24,male,2004,23.8,,20 to 24,male,2004,25,,1.2
20 to 24,male,2005,25,,20 to 24,male,2005,25.4,,0.4
20 to 24,male,2006,25.5,,20 to 24,male,2006,26.2,,0.7
20 to 24,male,2007,26.8,,20 to 24,male,2007,27.5,,0.7
20 to 24,male,2008,29.3,,20 to 24,male,2008,30.6,,1.3
20 to 24,male,2009,29.9,,20 to 24,male,2009,31.3,,1.4
20 to 24,male,2010,31.4,,20 to 24,male,2010,32,,0.6
20 to 24,male,2011,30.4,,20 to 24,male,2011,31.2,,0.8
20 to 24,male,2012,30.4,,20 to 24,male,2012,31.5,,1.1
20 to 24,male,2013,29.9,,20 to 24,male,2013,30.8,,0.9
20 to 24,male,2014,28.2,,20 to 24,male,2014,29.6,,1.4
20 to 24,male,2015,25.9,,20 to 24,male,2015,26.8,,0.9
20 to 24,male,2016,24.6,,20 to 24,male,2016,25.4,,0.8
20 to 24,male,2017,25.4,,20 to 24,male,2017,26.1,,0.7
20 to 24,male,2018,24.2,,20 to 24,male,2018,25.4,,1.2
20 to 24,male,2019,24.4,,20 to 24,male,2019,25.5,,1.1
25 to 29 ,male,2000,24.4,,25 to 29,male,2000,25,,0.6
25 to 29 ,male,2001,24.6,,25 to 29,male,2001,25.2,,0.6
25 to 29 ,male,2002,23.7,,25 to 29,male,2002,24.3,,0.6
25 to 29 ,male,2003,29.2,,25 to 29,male,2003,29.7,,0.5
25 to 29 ,male,2004,27.2,,25 to 29,male,2004,28,,0.8
25 to 29 ,male,2005,31,,25 to 29,male,2005,31.4,,0.4
25 to 29 ,male,2006,30.9,,25 to 29,male,2006,31.3,,0.4
25 to 29 ,male,2007,28.8,,25 to 29,male,2007,29.4,,0.6
25 to 29 ,male,2008,31.4,,25 to 29,male,2008,32.3,,0.9
25 to 29 ,male,2009,32.9,,25 to 29,male,2009,34.1,,1.2
25 to 29 ,male,2010,33,,25 to 29,male,2010,33.9,,0.9
25 to 29 ,male,2011,31.6,,25 to 29,male,2011,32.5,,0.9
25 to 29 ,male,2012,32.5,,25 to 29,male,2012,33.4,,0.9
25 to 29 ,male,2013,30.5,,25 to 29,male,2013,31.3,,0.8
25 to 29 ,male,2014,31.5,,25 to 29,male,2014,32.4,,0.9
25 to 29 ,male,2015,28.5,,25 to 29,male,2015,29.4,,0.9
25 to 29 ,male,2016,28,,25 to 29,male,2016,29.1,,1.1
25 to 29 ,male,2017,24.6,,25 to 29,male,2017,25.6,,1
25 to 29 ,male,2018,25.3,,25 to 29,male,2018,26.2,,0.9
25 to 29 ,male,2019,22.8,,25 to 29,male,2019,23.6,,0.8
30 to 34,male,2000,28.8,,30 to 34,male,2000,29.6,,0.8
30 to 34,male,2001,25.9,,30 to 34,male,2001,27.1,,1.2
30 to 34,male,2002,28.2,,30 to 34,male,2002,29.2,,1
30 to 34,male,2003,32.9,,30 to 34,male,2003,34,,1.1
30 to 34,male,2004,30.5,,30 to 34,male,2004,31.8,,1.3
30 to 34,male,2005,32.6,,30 to 34,male,2005,33.5,,0.9
30 to 34,male,2006,30.1,,30 to 34,male,2006,30.8,,0.7
30 to 34,male,2007,32,,30 to 34,male,2007,32.6,,0.6
30 to 34,male,2008,32.8,,30 to 34,male,2008,33.3,,0.5
30 to 34,male,2009,33.6,,30 to 34,male,2009,34.3,,0.7
30 to 34,male,2010,32.1,,30 to 34,male,2010,33.2,,1.1
30 to 34,male,2011,31.8,,30 to 34,male,2011,32.8,,1
30 to 34,male,2012,28.5,,30 to 34,male,2012,29.4,,0.9
30 to 34,male,2013,30.1,,30 to 34,male,2013,31,,0.9
30 to 34,male,2014,29.4,,30 to 34,male,2014,30.5,,1.1
30 to 34,male,2015,28.3,,30 to 34,male,2015,29.4,,1.1
30 to 34,male,2016,26.2,,30 to 34,male,2016,27.2,,1
30 to 34,male,2017,27,,30 to 34,male,2017,28.2,,1.2
30 to 34,male,2018,27,,30 to 34,male,2018,27.9,,0.9
30 to 34,male,2019,26.2,,30 to 34,male,2019,27.2,,1
35 to 39,male,2000,33,,35 to 39,male,2000,34.5,,1.5
35 to 39,male,2001,32.8,,35 to 39,male,2001,33.7,,0.9
35 to 39,male,2002,31.5,,35 to 39,male,2002,32.6,,1.1
35 to 39,male,2003,37.2,,35 to 39,male,2003,38.4,,1.2
35 to 39,male,2004,35.4,,35 to 39,male,2004,36.6,,1.2
35 to 39,male,2005,36.5,,35 to 39,male,2005,37.3,,0.8
35 to 39,male,2006,34.5,,35 to 39,male,2006,35.9,,1.4
35 to 39,male,2007,37,,35 to 39,male,2007,38.3,,1.3
35 to 39,male,2008,35.9,,35 to 39,male,2008,37,,1.1
35 to 39,male,2009,38.3,,35 to 39,male,2009,39.5,,1.2
35 to 39,male,2010,34.9,,35 to 39,male,2010,36.5,,1.6
35 to 39,male,2011,34.7,,35 to 39,male,2011,36.1,,1.4
35 to 39,male,2012,30.9,,35 to 39,male,2012,32,,1.1
35 to 39,male,2013,32,,35 to 39,male,2013,33,,1
35 to 39,male,2014,28.7,,35 to 39,male,2014,29.6,,0.9
35 to 39,male,2015,27.7,,35 to 39,male,2015,28.8,,1.1
35 to 39,male,2016,25.6,,35 to 39,male,2016,26.6,,1
35 to 39,male,2017,26.5,,35 to 39,male,2017,27.5,,1
35 to 39,male,2018,25.4,,35 to 39,male,2018,26.5,,1.1
35 to 39,male,2019,25.8,,35 to 39,male,2019,26.8,,1
40 to 44,male,2000,36.8,,40 to 44,male,2000,37.6,,0.8
40 to 44,male,2001,39.4,,40 to 44,male,2001,40.5,,1.1
40 to 44,male,2002,42.3,,40 to 44,male,2002,43.6,,1.3
40 to 44,male,2003,49,,40 to 44,male,2003,50.2,,1.2
40 to 44,male,2004,44.2,,40 to 44,male,2004,45.5,,1.3
40 to 44,male,2005,44.9,,40 to 44,male,2005,46.8,,1.9
40 to 44,male,2006,43.2,,40 to 44,male,2006,44.2,,1
40 to 44,male,2007,42,,40 to 44,male,2007,43.7,,1.7
40 to 44,male,2008,41.9,,40 to 44,male,2008,43.4,,1.5
40 to 44,male,2009,42.6,,40 to 44,male,2009,44.1,,1.5
40 to 44,male,2010,40.1,,40 to 44,male,2010,41.9,,1.8
40 to 44,male,2011,37.5,,40 to 44,male,2011,39.9,,2.4
40 to 44,male,2012,34,,40 to 44,male,2012,35.9,,1.9
40 to 44,male,2013,33.1,,40 to 44,male,2013,34.9,,1.8
40 to 44,male,2014,30.8,,40 to 44,male,2014,32.4,,1.6
40 to 44,male,2015,29.6,,40 to 44,male,2015,31.1,,1.5
40 to 44,male,2016,26.9,,40 to 44,male,2016,28.2,,1.3
40 to 44,male,2017,25.5,,40 to 44,male,2017,26.5,,1
40 to 44,male,2018,24.9,,40 to 44,male,2018,26.1,,1.2
40 to 44,male,2019,26,,40 to 44,male,2019,27.1,,1.1
45 to 49,male,2000,49,,45 to 49,male,2000,49.5,,0.5
45 to 49,male,2001,45.5,,45 to 49,male,2001,46.2,,0.7
45 to 49,male,2002,49.6,,45 to 49,male,2002,50.2,,0.6
45 to 49,male,2003,56.3,,45 to 49,male,2003,57.4,,1.1
45 to 49,male,2004,53.1,,45 to 49,male,2004,54.4,,1.3
45 to 49,male,2005,54.6,,45 to 49,male,2005,55.8,,1.2
45 to 49,male,2006,50.9,,45 to 49,male,2006,52.2,,1.3
45 to 49,male,2007,52,,45 to 49,male,2007,53.5,,1.5
45 to 49,male,2008,49.2,,45 to 49,male,2008,50.7,,1.5
45 to 49,male,2009,50.3,,45 to 49,male,2009,51.9,,1.6
45 to 49,male,2010,46.4,,45 to 49,male,2010,49.2,,2.8
45 to 49,male,2011,44.1,,45 to 49,male,2011,45.8,,1.7
45 to 49,male,2012,41.2,,45 to 49,male,2012,43.1,,1.9
45 to 49,male,2013,38.8,,45 to 49,male,2013,41,,2.2
45 to 49,male,2014,34.2,,45 to 49,male,2014,36,,1.8
45 to 49,male,2015,32.3,,45 to 49,male,2015,33.9,,1.6
45 to 49,male,2016,30.3,,45 to 49,male,2016,32.5,,2.2
45 to 49,male,2017,29.2,,45 to 49,male,2017,31.2,,2
45 to 49,male,2018,26.9,,45 to 49,male,2018,28.7,,1.8
45 to 49,male,2019,27,,45 to 49,male,2019,28.8,,1.8
50 to 54,male,2000,59.5,,50 to 54,male,2000,61.8,,2.3
50 to 54,male,2001,57.9,,50 to 54,male,2001,59.9,,2
50 to 54,male,2002,62.3,,50 to 54,male,2002,62.9,,0.6
50 to 54,male,2003,66,,50 to 54,male,2003,66.4,,0.4
50 to 54,male,2004,59.6,,50 to 54,male,2004,59.7,,0.1
50 to 54,male,2005,59.2,,50 to 54,male,2005,59.8,,0.6
50 to 54,male,2006,52.9,,50 to 54,male,2006,53.8,,0.9
50 to 54,male,2007,54.4,,50 to 54,male,2007,55.1,,0.7
50 to 54,male,2008,51.5,,50 to 54,male,2008,52.6,,1.1
50 to 54,male,2009,57,,50 to 54,male,2009,58.6,,1.6
50 to 54,male,2010,52.8,,50 to 54,male,2010,54.9,,2.1
50 to 54,male,2011,47.8,,50 to 54,male,2011,49.6,,1.8
50 to 54,male,2012,43.9,,50 to 54,male,2012,45.9,,2
50 to 54,male,2013,43.2,,50 to 54,male,2013,45.2,,2
50 to 54,male,2014,38.8,,50 to 54,male,2014,40.6,,1.8
50 to 54,male,2015,37,,50 to 54,male,2015,39.4,,2.4
50 to 54,male,2016,34.5,,50 to 54,male,2016,36.2,,1.7
50 to 54,male,2017,32.5,,50 to 54,male,2017,34.8,,2.3
50 to 54,male,2018,31.8,,50 to 54,male,2018,34.2,,2.4
50 to 54,male,2019,29.7,,50 to 54,male,2019,31.8,,2.1
55 to 59,male,2000,72.5,,55 to 59,male,2000,73.9,,1.4
55 to 59,male,2001,67.1,,55 to 59,male,2001,67.6,,0.5
55 to 59,male,2002,71,,55 to 59,male,2002,72.9,,1.9
55 to 59,male,2003,71.1,,55 to 59,male,2003,72.9,,1.8
55 to 59,male,2004,64.6,,55 to 59,male,2004,66.4,,1.8
55 to 59,male,2005,61.3,,55 to 59,male,2005,63.6,,2.3
55 to 59,male,2006,58.6,,55 to 59,male,2006,60.5,,1.9
55 to 59,male,2007,58.5,,55 to 59,male,2007,59.2,,0.7
55 to 59,male,2008,57,,55 to 59,male,2008,57.5,,0.5
55 to 59,male,2009,59.1,,55 to 59,male,2009,59.3,,0.2
55 to 59,male,2010,53.7,,55 to 59,male,2010,54.9,,1.2
55 to 59,male,2011,48.6,,55 to 59,male,2011,50,,1.4
55 to 59,male,2012,41.3,,55 to 59,male,2012,42.3,,1
55 to 59,male,2013,40,,55 to 59,male,2013,41.2,,1.2
55 to 59,male,2014,38.8,,55 to 59,male,2014,40.2,,1.4
55 to 59,male,2015,35.7,,55 to 59,male,2015,37.3,,1.6
55 to 59,male,2016,32.7,,55 to 59,male,2016,34.3,,1.6
55 to 59,male,2017,32.2,,55 to 59,male,2017,33.9,,1.7
55 to 59,male,2018,30.2,,55 to 59,male,2018,32.1,,1.9
55 to 59,male,2019,30.5,,55 to 59,male,2019,32.6,,2.1
60 to 64,male,2000,58.2,,60 to 64,male,2000,59.3,,1.1
60 to 64,male,2001,56.7,,60 to 64,male,2001,58.1,,1.4
60 to 64,male,2002,57.9,,60 to 64,male,2002,58.8,,0.9
60 to 64,male,2003,58.4,,60 to 64,male,2003,59.5,,1.1
60 to 64,male,2004,52.1,,60 to 64,male,2004,53.1,,1
60 to 64,male,2005,51.9,,60 to 64,male,2005,52.9,,1
60 to 64,male,2006,51.4,,60 to 64,male,2006,51.8,,0.4
60 to 64,male,2007,51.2,,60 to 64,male,2007,52.7,,1.5
60 to 64,male,2008,51,,60 to 64,male,2008,52.4,,1.4
60 to 64,male,2009,51.1,,60 to 64,male,2009,52.7,,1.6
60 to 64,male,2010,47.1,,60 to 64,male,2010,49.5,,2.4
60 to 64,male,2011,42.1,,60 to 64,male,2011,44,,1.9
60 to 64,male,2012,37.5,,60 to 64,male,2012,38.2,,0.7
60 to 64,male,2013,34.8,,60 to 64,male,2013,35.5,,0.7
60 to 64,male,2014,32.5,,60 to 64,male,2014,32.8,,0.3
60 to 64,male,2015,31,,60 to 64,male,2015,31.7,,0.7
60 to 64,male,2016,27.8,,60 to 64,male,2016,28.8,,1
60 to 64,male,2017,26.4,,60 to 64,male,2017,27.4,,1
60 to 64,male,2018,26.3,,60 to 64,male,2018,27.7,,1.4
60 to 64,male,2019,27.2,,60 to 64,male,2019,28.7,,1.5
65 to 69,male,2000,48.1,,65 to 69,male,2000,49,,0.9
65 to 69,male,2001,47.8,,65 to 69,male,2001,48.8,,1
65 to 69,male,2002,47.4,,65 to 69,male,2002,48.2,,0.8
65 to 69,male,2003,49.4,,65 to 69,male,2003,49.9,,0.5
65 to 69,male,2004,43.7,,65 to 69,male,2004,44,,0.3
65 to 69,male,2005,42.3,,65 to 69,male,2005,43.1,,0.8
65 to 69,male,2006,41.7,,65 to 69,male,2006,42.7,,1
65 to 69,male,2007,45.6,,65 to 69,male,2007,46.6,,1
65 to 69,male,2008,43.2,,65 to 69,male,2008,44.4,,1.2
65 to 69,male,2009,43.8,,65 to 69,male,2009,45.1,,1.3
65 to 69,male,2010,41.7,,65 to 69,male,2010,42.7,,1
65 to 69,male,2011,39.4,,65 to 69,male,2011,39.8,,0.4
65 to 69,male,2012,36.9,,65 to 69,male,2012,38.3,,1.4
65 to 69,male,2013,35.1,,65 to 69,male,2013,36.5,,1.4
65 to 69,male,2014,32.1,,65 to 69,male,2014,33.4,,1.3
65 to 69,male,2015,29.6,,65 to 69,male,2015,31.1,,1.5
65 to 69,male,2016,25,,65 to 69,male,2016,26.3,,1.3
65 to 69,male,2017,25.6,,65 to 69,male,2017,26.5,,0.9
65 to 69,male,2018,23,,65 to 69,male,2018,23.8,,0.8
65 to 69,male,2019,22.9,,65 to 69,male,2019,23.6,,0.7
70 to 74,male,2000,41.2,,70 to 74,male,2000,42,,0.8
70 to 74,male,2001,41.9,,70 to 74,male,2001,42.7,,0.8
70 to 74,male,2002,36.8,,70 to 74,male,2002,37.5,,0.7
70 to 74,male,2003,39.5,,70 to 74,male,2003,40,,0.5
70 to 74,male,2004,38.8,,70 to 74,male,2004,39.2,,0.4
70 to 74,male,2005,40.9,,70 to 74,male,2005,41.8,,0.9
70 to 74,male,2006,40.7,,70 to 74,male,2006,41.5,,0.8
70 to 74,male,2007,43.7,,70 to 74,male,2007,44.5,,0.8
70 to 74,male,2008,39.7,,70 to 74,male,2008,40.4,,0.7
70 to 74,male,2009,39.3,,70 to 74,male,2009,39.9,,0.6
70 to 74,male,2010,36.8,,70 to 74,male,2010,37.7,,0.9
70 to 74,male,2011,36.4,,70 to 74,male,2011,37.6,,1.2
70 to 74,male,2012,34.9,,70 to 74,male,2012,35.9,,1
70 to 74,male,2013,36.5,,70 to 74,male,2013,37.8,,1.3
70 to 74,male,2014,32.1,,70 to 74,male,2014,33.4,,1.3
70 to 74,male,2015,33.7,,70 to 74,male,2015,34.6,,0.9
70 to 74,male,2016,27.4,,70 to 74,male,2016,28,,0.6
70 to 74,male,2017,25.9,,70 to 74,male,2017,27.2,,1.3
70 to 74,male,2018,25.3,,70 to 74,male,2018,26.7,,1.4
70 to 74,male,2019,24.5,,70 to 74,male,2019,26,,1.5
75 to 79,male,2000,39.1,,75 to 79,male,2000,40.2,,1.1
75 to 79,male,2001,40,,75 to 79,male,2001,41.3,,1.3
75 to 79,male,2002,39.8,,75 to 79,male,2002,40.8,,1
75 to 79,male,2003,36.9,,75 to 79,male,2003,37.8,,0.9
75 to 79,male,2004,39.3,,75 to 79,male,2004,40,,0.7
75 to 79,male,2005,36,,75 to 79,male,2005,36.8,,0.8
75 to 79,male,2006,38.4,,75 to 79,male,2006,39.1,,0.7
75 to 79,male,2007,39.9,,75 to 79,male,2007,40.9,,1
75 to 79,male,2008,38.2,,75 to 79,male,2008,39.1,,0.9
75 to 79,male,2009,38.9,,75 to 79,male,2009,39.8,,0.9
75 to 79,male,2010,38.1,,75 to 79,male,2010,39,,0.9
75 to 79,male,2011,35.9,,75 to 79,male,2011,36.9,,1
75 to 79,male,2012,35.7,,75 to 79,male,2012,36.8,,1.1
75 to 79,male,2013,36.8,,75 to 79,male,2013,37.8,,1
75 to 79,male,2014,33.8,,75 to 79,male,2014,34.7,,0.9
75 to 79,male,2015,32.6,,75 to 79,male,2015,33.6,,1
75 to 79,male,2016,29.4,,75 to 79,male,2016,30.7,,1.3
75 to 79,male,2017,27.8,,75 to 79,male,2017,29,,1.2
75 to 79,male,2018,28.6,,75 to 79,male,2018,30.1,,1.5
75 to 79,male,2019,26.5,,75 to 79,male,2019,28.1,,1.6
80 to 84,male,2000,55.4,,80 to 84,male,2000,58.1,,2.7
80 to 84,male,2001,53.5,,80 to 84,male,2001,55.9,,2.4
80 to 84,male,2002,48.7,,80 to 84,male,2002,51,,2.3
80 to 84,male,2003,45.5,,80 to 84,male,2003,47.9,,2.4
80 to 84,male,2004,47.1,,80 to 84,male,2004,49.9,,2.8
80 to 84,male,2005,45,,80 to 84,male,2005,47.7,,2.7
80 to 84,male,2006,39.4,,80 to 84,male,2006,42,,2.6
80 to 84,male,2007,47.2,,80 to 84,male,2007,50.1,,2.9
80 to 84,male,2008,41,,80 to 84,male,2008,43.6,,2.6
80 to 84,male,2009,41.1,,80 to 84,male,2009,43.4,,2.3
80 to 84,male,2010,37.6,,80 to 84,male,2010,39.4,,1.8
80 to 84,male,2011,35.6,,80 to 84,male,2011,37.2,,1.6
80 to 84,male,2012,38.3,,80 to 84,male,2012,40.3,,2
80 to 84,male,2013,37,,80 to 84,male,2013,38.8,,1.8
80 to 84,male,2014,36.4,,80 to 84,male,2014,38.2,,1.8
80 to 84,male,2015,37.7,,80 to 84,male,2015,39.8,,2.1
80 to 84,male,2016,31.4,,80 to 84,male,2016,33.2,,1.8
80 to 84,male,2017,31.7,,80 to 84,male,2017,33.6,,1.9
80 to 84,male,2018,31.7,,80 to 84,male,2018,33.5,,1.8
80 to 84,male,2019,29.1,,80 to 84,male,2019,30.9,,1.8
85 to 89,male,2000,71.1,,85 to 89,male,2000,75.7,,4.6
85 to 89,male,2001,68.1,,85 to 89,male,2001,72.7,,4.6
85 to 89,male,2002,60,,85 to 89,male,2002,63.9,,3.9
85 to 89,male,2003,64.5,,85 to 89,male,2003,68.3,,3.8
85 to 89,male,2004,61.6,,85 to 89,male,2004,65.1,,3.5
85 to 89,male,2005,55.2,,85 to 89,male,2005,59.2,,4
85 to 89,male,2006,59.5,,85 to 89,male,2006,63.8,,4.3
85 to 89,male,2007,59.3,,85 to 89,male,2007,64.1,,4.8
85 to 89,male,2008,55.7,,85 to 89,male,2008,60.4,,4.7
85 to 89,male,2009,50.6,,85 to 89,male,2009,55.5,,4.9
85 to 89,male,2010,47.4,,85 to 89,male,2010,50.7,,3.3
85 to 89,male,2011,49.8,,85 to 89,male,2011,53.8,,4
85 to 89,male,2012,44.3,,85 to 89,male,2012,48.1,,3.8
85 to 89,male,2013,45.3,,85 to 89,male,2013,49.6,,4.3
85 to 89,male,2014,41.2,,85 to 89,male,2014,45,,3.8
85 to 89,male,2015,39.8,,85 to 89,male,2015,43.2,,3.4
85 to 89,male,2016,34.6,,85 to 89,male,2016,37.8,,3.2
85 to 89,male,2017,34.8,,85 to 89,male,2017,38.3,,3.5
85 to 89,male,2018,34.4,,85 to 89,male,2018,37.9,,3.5
85 to 89,male,2019,32.5,,85 to 89,male,2019,35.9,,3.4
90 to 94,male,2000,78.8,,90 to 94,male,2000,87.9,,9.1
90 to 94,male,2001,72.8,,90 to 94,male,2001,81,,8.2
90 to 94,male,2002,77.1,,90 to 94,male,2002,93.4,,16.3
90 to 94,male,2003,74.8,,90 to 94,male,2003,82.8,,8
90 to 94,male,2004,70.3,,90 to 94,male,2004,82.5,,12.2
90 to 94,male,2005,69.3,,90 to 94,male,2005,77.2,,7.9
90 to 94,male,2006,67.9,,90 to 94,male,2006,76.1,,8.2
90 to 94,male,2007,70.3,,90 to 94,male,2007,79,,8.7
90 to 94,male,2008,66.8,,90 to 94,male,2008,76.1,,9.3
90 to 94,male,2009,65,,90 to 94,male,2009,73.7,,8.7
90 to 94,male,2010,65.5,,90 to 94,male,2010,72.8,,7.3
90 to 94,male,2011,60.7,,90 to 94,male,2011,67.6,,6.9
90 to 94,male,2012,58.9,,90 to 94,male,2012,66.6,,7.7
90 to 94,male,2013,61,,90 to 94,male,2013,69.9,,8.9
90 to 94,male,2014,50.8,,90 to 94,male,2014,59.1,,8.3
90 to 94,male,2015,46.8,,90 to 94,male,2015,53.4,,6.6
90 to 94,male,2016,43.2,,90 to 94,male,2016,50.2,,7
90 to 94,male,2017,37.7,,90 to 94,male,2017,44.3,,6.6
90 to 94,male,2018,32.2,,90 to 94,male,2018,38.1,,5.9
90 to 94,male,2019,38,,90 to 94,male,2019,45.2,,7.2
95 to 99,male,2000,,,95 to 99,male,2000,85.4,,
95 to 99,male,2001,,,95 to 99,male,2001,98,,
95 to 99,male,2002,,,95 to 99,male,2002,59.1,,
95 to 99,male,2003,,,95 to 99,male,2003,101.5,,
95 to 99,male,2004,...,,95 to 99,male,2004,68.9,,
95 to 99,male,2005,86.8,,95 to 99,male,2005,103.9,,17.1
95 to 99,male,2006,64.4,,95 to 99,male,2006,77.4,,13
95 to 99,male,2007,76,,95 to 99,male,2007,93.8,,17.8
95 to 99,male,2008,61.8,,95 to 99,male,2008,79.2,,17.4
95 to 99,male,2009,66.7,,95 to 99,male,2009,87.3,,20.6
95 to 99,male,2010,82.2,,95 to 99,male,2010,96,,13.8
95 to 99,male,2011,57.6,,95 to 99,male,2011,69,,11.4
95 to 99,male,2012,53.3,,95 to 99,male,2012,,,
95 to 99,male,2013,62.9,,95 to 99,male,2013,,,
95 to 99,male,2014,50,,95 to 99,male,2014,,,
95 to 99,male,2015,53.6,,95 to 99,male,2015,,,
95 to 99,male,2016,38.8,,95 to 99,male,2016,,,
95 to 99,male,2017,50,,95 to 99,male,2017,,,
95 to 99,male,2018,32.9,,95 to 99,male,2018,,,
95 to 99,male,2019,28.7,,95 to 99,male,2019,,,
100+,male,2000,,,100+,male,2000,240.3,,
100+,male,2001,,,100+,male,2001,0,,
100+,male,2002,,,100+,male,2002,46.7,,
100+,male,2003,,,100+,male,2003,81.1,,
100+,male,2004,...,,100+,male,2004,112.7,,
100+,male,2005,186.1,,100+,male,2005,242,,55.9
100+,male,2006,75,,100+,male,2006,97.4,,22.4
100+,male,2007,60,,100+,male,2007,85.7,,25.7
100+,male,2008,16.7,,100+,male,2008,26.2,,9.5
100+,male,2009,128.6,,100+,male,2009,215.5,,86.9
100+,male,2010,17.1,,100+,male,2010,22.1,,5
100+,male,2011,66.7,,100+,male,2011,86,,19.3
100+,male,2012,42.9,,100+,male,2012,,,
100+,male,2013,14.3,,100+,male,2013,,,
100+,male,2014,37.5,,100+,male,2014,,,
100+,male,2015,95.7,,100+,male,2015,,,
100+,male,2016,55.6,,100+,male,2016,,,
100+,male,2017,44.4,,100+,male,2017,,,
100+,male,2018,55.6,,100+,male,2018,,,
100+,male,2019,-,,100+,male,2019,,,
total ,female,2000,13.4,,total,female,2000,13.6,,0.2
total ,female,2001,12.9,,total,female,2001,13.1,,0.2
total ,female,2002,12.8,,total,female,2002,13.1,,0.3
total ,female,2003,13.5,,total,female,2003,13.7,,0.2
total ,female,2004,12.8,,total,female,2004,13.1,,0.3
total ,female,2005,12.9,,total,female,2005,13.1,,0.2
total ,female,2006,13.2,,total,female,2006,13.4,,0.2
total ,female,2007,13.7,,total,female,2007,13.9,,0.2
total ,female,2008,13.5,,total,female,2008,13.7,,0.2
total ,female,2009,13.2,,total,female,2009,13.5,,0.3
total ,female,2010,13.2,,total,female,2010,13.5,,0.3
total ,female,2011,13.9,,total,female,2011,14.3,,0.4
total ,female,2012,12.3,,total,female,2012,12.7,,0.4
total ,female,2013,12.3,,total,female,2013,12.7,,0.4
total ,female,2014,11.7,,total,female,2014,12.1,,0.4
total ,female,2015,10.8,,total,female,2015,11.2,,0.4
total ,female,2016,9.9,,total,female,2016,10.4,,0.5
total ,female,2017,9.6,,total,female,2017,10,,0.4
total ,female,2018,9.7,,total,female,2018,10.2,,0.5
total ,female,2019,9.1,,total,female,2019,9.5,,0.4
10 to 14,female,2000,0.5,,10 to 14,female,2000,0.5,,0
10 to 14,female,2001,0.7,,10 to 14,female,2001,0.7,,0
10 to 14,female,2002,0.4,,10 to 14,female,2002,0.4,,0
10 to 14,female,2003,1.1,,10 to 14,female,2003,1.1,,0
10 to 14,female,2004,0.8,,10 to 14,female,2004,0.8,,0
10 to 14,female,2005,0.5,,10 to 14,female,2005,0.6,,0.1
10 to 14,female,2006,0.7,,10 to 14,female,2006,0.7,,0
10 to 14,female,2007,0.6,,10 to 14,female,2007,0.6,,0
10 to 14,female,2008,0.6,,10 to 14,female,2008,0.6,,0
10 to 14,female,2009,0.7,,10 to 14,female,2009,0.8,,0.1
10 to 14,female,2010,0.7,,10 to 14,female,2010,0.8,,0.1
10 to 14,female,2011,0.8,,10 to 14,female,2011,0.8,,0
10 to 14,female,2012,0.7,,10 to 14,female,2012,0.7,,0
10 to 14,female,2013,1.2,,10 to 14,female,2013,1.2,,0
10 to 14,female,2014,1.2,,10 to 14,female,2014,1.2,,0
10 to 14,female,2015,1,,10 to 14,female,2015,1,,0
10 to 14,female,2016,1,,10 to 14,female,2016,1.1,,0.1
10 to 14,female,2017,1.6,,10 to 14,female,2017,1.6,,0
10 to 14,female,2018,1.3,,10 to 14,female,2018,1.3,,0
10 to 14,female,2019,1.7,,10 to 14,female,2019,1.7,,0
15 to 19,female,2000,3.8,,15 to 19,female,2000,3.9,,0.1
15 to 19,female,2001,4.7,,15 to 19,female,2001,4.8,,0.1
15 to 19,female,2002,3.9,,15 to 19,female,2002,3.9,,0
15 to 19,female,2003,5.6,,15 to 19,female,2003,5.7,,0.1
15 to 19,female,2004,5.7,,15 to 19,female,2004,5.8,,0.1
15 to 19,female,2005,6,,15 to 19,female,2005,6.1,,0.1
15 to 19,female,2006,5.7,,15 to 19,female,2006,5.8,,0.1
15 to 19,female,2007,5.7,,15 to 19,female,2007,5.8,,0.1
15 to 19,female,2008,6.8,,15 to 19,female,2008,6.9,,0.1
15 to 19,female,2009,5.5,,15 to 19,female,2009,5.7,,0.2
15 to 19,female,2010,5.1,,15 to 19,female,2010,5.3,,0.2
15 to 19,female,2011,5.7,,15 to 19,female,2011,5.9,,0.2
15 to 19,female,2012,5.6,,15 to 19,female,2012,5.7,,0.1
15 to 19,female,2013,4.6,,15 to 19,female,2013,4.8,,0.2
15 to 19,female,2014,4.2,,15 to 19,female,2014,4.3,,0.1
15 to 19,female,2015,4.7,,15 to 19,female,2015,4.8,,0.1
15 to 19,female,2016,4.5,,15 to 19,female,2016,4.5,,0
15 to 19,female,2017,4.3,,15 to 19,female,2017,4.4,,0.1
15 to 19,female,2018,6.9,,15 to 19,female,2018,7.1,,0.2
15 to 19,female,2019,6.4,,15 to 19,female,2019,6.5,,0.1
20 to 24,female,2000,9.7,,20 to 24,female,2000,9.8,,0.1
20 to 24,female,2001,9.1,,20 to 24,female,2001,9.2,,0.1
20 to 24,female,2002,8.6,,20 to 24,female,2002,8.8,,0.2
20 to 24,female,2003,9.9,,20 to 24,female,2003,10.1,,0.2
20 to 24,female,2004,10.7,,20 to 24,female,2004,11.1,,0.4
20 to 24,female,2005,12.9,,20 to 24,female,2005,13,,0.1
20 to 24,female,2006,13.3,,20 to 24,female,2006,13.5,,0.2
20 to 24,female,2007,12.5,,20 to 24,female,2007,12.8,,0.3
20 to 24,female,2008,13.5,,20 to 24,female,2008,14,,0.5
20 to 24,female,2009,13.7,,20 to 24,female,2009,14.2,,0.5
20 to 24,female,2010,11.6,,20 to 24,female,2010,11.9,,0.3
20 to 24,female,2011,14.9,,20 to 24,female,2011,15.2,,0.3
20 to 24,female,2012,11.2,,20 to 24,female,2012,11.6,,0.4
20 to 24,female,2013,11.4,,20 to 24,female,2013,11.6,,0.2
20 to 24,female,2014,10.6,,20 to 24,female,2014,11.1,,0.5
20 to 24,female,2015,9.4,,20 to 24,female,2015,9.7,,0.3
20 to 24,female,2016,8.9,,20 to 24,female,2016,9.1,,0.2
20 to 24,female,2017,9.8,,20 to 24,female,2017,10.1,,0.3
20 to 24,female,2018,10.4,,20 to 24,female,2018,10.8,,0.4
20 to 24,female,2019,10.1,,20 to 24,female,2019,10.5,,0.4
25 to 29 ,female,2000,11.5,,25 to 29,female,2000,11.7,,0.2
25 to 29 ,female,2001,11,,25 to 29,female,2001,11.1,,0.1
25 to 29 ,female,2002,10.6,,25 to 29,female,2002,10.8,,0.2
25 to 29 ,female,2003,12.4,,25 to 29,female,2003,12.5,,0.1
25 to 29 ,female,2004,12.5,,25 to 29,female,2004,12.7,,0.2
25 to 29 ,female,2005,12.8,,25 to 29,female,2005,12.9,,0.1
25 to 29 ,female,2006,14.5,,25 to 29,female,2006,14.7,,0.2
25 to 29 ,female,2007,14.1,,25 to 29,female,2007,14.2,,0.1
25 to 29 ,female,2008,14.4,,25 to 29,female,2008,14.6,,0.2
25 to 29 ,female,2009,14.5,,25 to 29,female,2009,14.8,,0.3
25 to 29 ,female,2010,12.2,,25 to 29,female,2010,12.6,,0.4
25 to 29 ,female,2011,16.2,,25 to 29,female,2011,16.6,,0.4
25 to 29 ,female,2012,13.4,,25 to 29,female,2012,13.8,,0.4
25 to 29 ,female,2013,11.9,,25 to 29,female,2013,12.2,,0.3
25 to 29 ,female,2014,12.1,,25 to 29,female,2014,12.2,,0.1
25 to 29 ,female,2015,10.4,,25 to 29,female,2015,10.6,,0.2
25 to 29 ,female,2016,9.6,,25 to 29,female,2016,9.9,,0.3
25 to 29 ,female,2017,10,,25 to 29,female,2017,10.4,,0.4
25 to 29 ,female,2018,10.3,,25 to 29,female,2018,10.7,,0.4
25 to 29 ,female,2019,10.7,,25 to 29,female,2019,11,,0.3
30 to 34,female,2000,11.3,,30 to 34,female,2000,11.4,,0.1
30 to 34,female,2001,11.1,,30 to 34,female,2001,11.5,,0.4
30 to 34,female,2002,11.4,,30 to 34,female,2002,11.7,,0.3
30 to 34,female,2003,12.6,,30 to 34,female,2003,12.9,,0.3
30 to 34,female,2004,11.9,,30 to 34,female,2004,12.2,,0.3
30 to 34,female,2005,13.4,,30 to 34,female,2005,13.6,,0.2
30 to 34,female,2006,12.5,,30 to 34,female,2006,12.6,,0.1
30 to 34,female,2007,12.4,,30 to 34,female,2007,12.5,,0.1
30 to 34,female,2008,15.8,,30 to 34,female,2008,15.8,,0
30 to 34,female,2009,13.8,,30 to 34,female,2009,13.9,,0.1
30 to 34,female,2010,14.3,,30 to 34,female,2010,14.6,,0.3
30 to 34,female,2011,14.3,,30 to 34,female,2011,14.6,,0.3
30 to 34,female,2012,12.8,,30 to 34,female,2012,13,,0.2
30 to 34,female,2013,12.6,,30 to 34,female,2013,12.7,,0.1
30 to 34,female,2014,12.1,,30 to 34,female,2014,12.3,,0.2
30 to 34,female,2015,10.3,,30 to 34,female,2015,10.5,,0.2
30 to 34,female,2016,9.2,,30 to 34,female,2016,9.5,,0.3
30 to 34,female,2017,9.9,,30 to 34,female,2017,10.3,,0.4
30 to 34,female,2018,9.6,,30 to 34,female,2018,9.8,,0.2
30 to 34,female,2019,8.8,,30 to 34,female,2019,9,,0.2
35 to 39,female,2000,9.8,,35 to 39,female,2000,10,,0.2
35 to 39,female,2001,9.9,,35 to 39,female,2001,10,,0.1
35 to 39,female,2002,11.8,,35 to 39,female,2002,12.1,,0.3
35 to 39,female,2003,12.8,,35 to 39,female,2003,13.1,,0.3
35 to 39,female,2004,10.9,,35 to 39,female,2004,11.2,,0.3
35 to 39,female,2005,12,,35 to 39,female,2005,12.2,,0.2
35 to 39,female,2006,12.6,,35 to 39,female,2006,13,,0.4
35 to 39,female,2007,13.6,,35 to 39,female,2007,13.9,,0.3
35 to 39,female,2008,13.9,,35 to 39,female,2008,14.2,,0.3
35 to 39,female,2009,13.2,,35 to 39,female,2009,13.5,,0.3
35 to 39,female,2010,13.1,,35 to 39,female,2010,13.5,,0.4
35 to 39,female,2011,14.6,,35 to 39,female,2011,15,,0.4
35 to 39,female,2012,11.9,,35 to 39,female,2012,12.2,,0.3
35 to 39,female,2013,12.1,,35 to 39,female,2013,12.3,,0.2
35 to 39,female,2014,12.4,,35 to 39,female,2014,12.7,,0.3
35 to 39,female,2015,10.1,,35 to 39,female,2015,10.3,,0.2
35 to 39,female,2016,10.6,,35 to 39,female,2016,10.8,,0.2
35 to 39,female,2017,8.8,,35 to 39,female,2017,9.2,,0.4
35 to 39,female,2018,8.8,,35 to 39,female,2018,8.9,,0.1
35 to 39,female,2019,9,,35 to 39,female,2019,9.3,,0.3
40 to 44,female,2000,10.5,,40 to 44,female,2000,10.5,,0
40 to 44,female,2001,10.6,,40 to 44,female,2001,10.7,,0.1
40 to 44,female,2002,9.8,,40 to 44,female,2002,10,,0.2
40 to 44,female,2003,11.6,,40 to 44,female,2003,11.8,,0.2
40 to 44,female,2004,12.3,,40 to 44,female,2004,12.6,,0.3
40 to 44,female,2005,12.7,,40 to 44,female,2005,13,,0.3
40 to 44,female,2006,13.7,,40 to 44,female,2006,13.9,,0.2
40 to 44,female,2007,13.9,,40 to 44,female,2007,14.1,,0.2
40 to 44,female,2008,13.5,,40 to 44,female,2008,13.8,,0.3
40 to 44,female,2009,14.5,,40 to 44,female,2009,14.7,,0.2
40 to 44,female,2010,13.4,,40 to 44,female,2010,13.6,,0.2
40 to 44,female,2011,14.7,,40 to 44,female,2011,15.4,,0.7
40 to 44,female,2012,12.1,,40 to 44,female,2012,12.5,,0.4
40 to 44,female,2013,12.2,,40 to 44,female,2013,12.6,,0.4
40 to 44,female,2014,11.3,,40 to 44,female,2014,11.6,,0.3
40 to 44,female,2015,11,,40 to 44,female,2015,11.4,,0.4
40 to 44,female,2016,9.2,,40 to 44,female,2016,9.5,,0.3
40 to 44,female,2017,9.3,,40 to 44,female,2017,9.6,,0.3
40 to 44,female,2018,10.1,,40 to 44,female,2018,10.2,,0.1
40 to 44,female,2019,8.8,,40 to 44,female,2019,9,,0.2
45 to 49,female,2000,12.2,,45 to 49,female,2000,12.1,,-0.1
45 to 49,female,2001,12.4,,45 to 49,female,2001,12.4,,0
45 to 49,female,2002,11.9,,45 to 49,female,2002,11.9,,0
45 to 49,female,2003,12.6,,45 to 49,female,2003,12.7,,0.1
45 to 49,female,2004,11.6,,45 to 49,female,2004,11.8,,0.2
45 to 49,female,2005,12.5,,45 to 49,female,2005,12.6,,0.1
45 to 49,female,2006,12.4,,45 to 49,female,2006,12.5,,0.1
45 to 49,female,2007,13.7,,45 to 49,female,2007,13.9,,0.2
45 to 49,female,2008,12.8,,45 to 49,female,2008,13,,0.2
45 to 49,female,2009,13.6,,45 to 49,female,2009,13.8,,0.2
45 to 49,female,2010,15.3,,45 to 49,female,2010,15.8,,0.5
45 to 49,female,2011,15.6,,45 to 49,female,2011,15.8,,0.2
45 to 49,female,2012,13.4,,45 to 49,female,2012,13.9,,0.5
45 to 49,female,2013,14.2,,45 to 49,female,2013,14.7,,0.5
45 to 49,female,2014,13.8,,45 to 49,female,2014,14.2,,0.4
45 to 49,female,2015,13,,45 to 49,female,2015,13.3,,0.3
45 to 49,female,2016,10.8,,45 to 49,female,2016,11.3,,0.5
45 to 49,female,2017,10.8,,45 to 49,female,2017,11.2,,0.4
45 to 49,female,2018,11.1,,45 to 49,female,2018,11.6,,0.5
45 to 49,female,2019,10.7,,45 to 49,female,2019,11,,0.3
50 to 54,female,2000,16.3,,50 to 54,female,2000,16.7,,0.4
50 to 54,female,2001,15.3,,50 to 54,female,2001,15.6,,0.3
50 to 54,female,2002,16.2,,50 to 54,female,2002,16.2,,0
50 to 54,female,2003,15.3,,50 to 54,female,2003,15.2,,-0.1
50 to 54,female,2004,14.2,,50 to 54,female,2004,14,,-0.2
50 to 54,female,2005,14.2,,50 to 54,female,2005,14.1,,-0.1
50 to 54,female,2006,14.9,,50 to 54,female,2006,14.9,,0
50 to 54,female,2007,15.3,,50 to 54,female,2007,15.3,,0
50 to 54,female,2008,14.3,,50 to 54,female,2008,14.3,,0
50 to 54,female,2009,15.2,,50 to 54,female,2009,15.3,,0.1
50 to 54,female,2010,15.9,,50 to 54,female,2010,16.2,,0.3
50 to 54,female,2011,17,,50 to 54,female,2011,17.2,,0.2
50 to 54,female,2012,16,,50 to 54,female,2012,16.3,,0.3
50 to 54,female,2013,14.6,,50 to 54,female,2013,14.9,,0.3
50 to 54,female,2014,13.6,,50 to 54,female,2014,13.8,,0.2
50 to 54,female,2015,13.6,,50 to 54,female,2015,14,,0.4
50 to 54,female,2016,12.9,,50 to 54,female,2016,13.2,,0.3
50 to 54,female,2017,12.9,,50 to 54,female,2017,13.3,,0.4
50 to 54,female,2018,13.1,,50 to 54,female,2018,13.5,,0.4
50 to 54,female,2019,11.6,,50 to 54,female,2019,11.9,,0.3
55 to 59,female,2000,18.4,,55 to 59,female,2000,18.5,,0.1
55 to 59,female,2001,18.2,,55 to 59,female,2001,18.1,,-0.1
55 to 59,female,2002,18.1,,55 to 59,female,2002,18.4,,0.3
55 to 59,female,2003,17.1,,55 to 59,female,2003,17.4,,0.3
55 to 59,female,2004,17.3,,55 to 59,female,2004,17.6,,0.3
55 to 59,female,2005,15.8,,55 to 59,female,2005,16.2,,0.4
55 to 59,female,2006,15.6,,55 to 59,female,2006,15.9,,0.3
55 to 59,female,2007,15.7,,55 to 59,female,2007,15.7,,0
55 to 59,female,2008,14.4,,55 to 59,female,2008,14.4,,0
55 to 59,female,2009,14.7,,55 to 59,female,2009,14.5,,-0.2
55 to 59,female,2010,14.5,,55 to 59,female,2010,14.5,,0
55 to 59,female,2011,15.4,,55 to 59,female,2011,15.4,,0
55 to 59,female,2012,13.5,,55 to 59,female,2012,13.5,,0
55 to 59,female,2013,13.7,,55 to 59,female,2013,13.8,,0.1
55 to 59,female,2014,13.9,,55 to 59,female,2014,14.1,,0.2
55 to 59,female,2015,12.8,,55 to 59,female,2015,13,,0.2
55 to 59,female,2016,12.4,,55 to 59,female,2016,12.7,,0.3
55 to 59,female,2017,11.6,,55 to 59,female,2017,11.9,,0.3
55 to 59,female,2018,11.1,,55 to 59,female,2018,11.4,,0.3
55 to 59,female,2019,10.5,,55 to 59,female,2019,10.8,,0.3
60 to 64,female,2000,19.9,,60 to 64,female,2000,20.1,,0.2
60 to 64,female,2001,17.8,,60 to 64,female,2001,18.2,,0.4
60 to 64,female,2002,17.2,,60 to 64,female,2002,17.4,,0.2
60 to 64,female,2003,18.2,,60 to 64,female,2003,18.5,,0.3
60 to 64,female,2004,17,,60 to 64,female,2004,17.3,,0.3
60 to 64,female,2005,17.1,,60 to 64,female,2005,17.3,,0.2
60 to 64,female,2006,16,,60 to 64,female,2006,15.9,,-0.1
60 to 64,female,2007,18.4,,60 to 64,female,2007,18.8,,0.4
60 to 64,female,2008,16.3,,60 to 64,female,2008,16.6,,0.3
60 to 64,female,2009,14.9,,60 to 64,female,2009,15.1,,0.2
60 to 64,female,2010,15.6,,60 to 64,female,2010,16,,0.4
60 to 64,female,2011,15.5,,60 to 64,female,2011,15.8,,0.3
60 to 64,female,2012,14.2,,60 to 64,female,2012,14.3,,0.1
60 to 64,female,2013,13.7,,60 to 64,female,2013,13.7,,0
60 to 64,female,2014,12.6,,60 to 64,female,2014,12.5,,-0.1
60 to 64,female,2015,11.9,,60 to 64,female,2015,11.9,,0
60 to 64,female,2016,11.1,,60 to 64,female,2016,11.2,,0.1
60 to 64,female,2017,10.4,,60 to 64,female,2017,10.6,,0.2
60 to 64,female,2018,9.8,,60 to 64,female,2018,10,,0.2
60 to 64,female,2019,9.3,,60 to 64,female,2019,9.5,,0.2
65 to 69,female,2000,19.7,,65 to 69,female,2000,19.9,,0.2
65 to 69,female,2001,18.4,,65 to 69,female,2001,18.6,,0.2
65 to 69,female,2002,19.7,,65 to 69,female,2002,19.9,,0.2
65 to 69,female,2003,20.7,,65 to 69,female,2003,20.8,,0.1
65 to 69,female,2004,18,,65 to 69,female,2004,18.1,,0.1
65 to 69,female,2005,15.8,,65 to 69,female,2005,15.9,,0.1
65 to 69,female,2006,17.3,,65 to 69,female,2006,17.7,,0.4
65 to 69,female,2007,18.6,,65 to 69,female,2007,18.9,,0.3
65 to 69,female,2008,18.3,,65 to 69,female,2008,18.6,,0.3
65 to 69,female,2009,18,,65 to 69,female,2009,18.4,,0.4
65 to 69,female,2010,18.5,,65 to 69,female,2010,18.7,,0.2
65 to 69,female,2011,17.9,,65 to 69,female,2011,17.9,,0
65 to 69,female,2012,15.9,,65 to 69,female,2012,16.3,,0.4
65 to 69,female,2013,15.8,,65 to 69,female,2013,16.2,,0.4
65 to 69,female,2014,15.6,,65 to 69,female,2014,16,,0.4
65 to 69,female,2015,12.7,,65 to 69,female,2015,13.1,,0.4
65 to 69,female,2016,12,,65 to 69,female,2016,12.4,,0.4
65 to 69,female,2017,10.7,,65 to 69,female,2017,10.8,,0.1
65 to 69,female,2018,11.1,,65 to 69,female,2018,11.3,,0.2
65 to 69,female,2019,10.2,,65 to 69,female,2019,10.3,,0.1
70 to 74,female,2000,21.4,,70 to 74,female,2000,21.7,,0.3
70 to 74,female,2001,20.6,,70 to 74,female,2001,20.9,,0.3
70 to 74,female,2002,19.4,,70 to 74,female,2002,19.7,,0.3
70 to 74,female,2003,21.1,,70 to 74,female,2003,21.4,,0.3
70 to 74,female,2004,18.8,,70 to 74,female,2004,19,,0.2
70 to 74,female,2005,17,,70 to 74,female,2005,17.2,,0.2
70 to 74,female,2006,18.2,,70 to 74,female,2006,18.5,,0.3
70 to 74,female,2007,19.8,,70 to 74,female,2007,20,,0.2
70 to 74,female,2008,17.8,,70 to 74,female,2008,18,,0.2
70 to 74,female,2009,17.5,,70 to 74,female,2009,17.6,,0.1
70 to 74,female,2010,17.5,,70 to 74,female,2010,17.8,,0.3
70 to 74,female,2011,17.7,,70 to 74,female,2011,18.2,,0.5
70 to 74,female,2012,17.6,,70 to 74,female,2012,18,,0.4
70 to 74,female,2013,17.1,,70 to 74,female,2013,17.6,,0.5
70 to 74,female,2014,15.9,,70 to 74,female,2014,16.5,,0.6
70 to 74,female,2015,16,,70 to 74,female,2015,16.3,,0.3
70 to 74,female,2016,14.5,,70 to 74,female,2016,14.7,,0.2
70 to 74,female,2017,13.4,,70 to 74,female,2017,14,,0.6
70 to 74,female,2018,12,,70 to 74,female,2018,12.5,,0.5
70 to 74,female,2019,11.3,,70 to 74,female,2019,11.9,,0.6
75 to 79,female,2000,26.2,,75 to 79,female,2000,26.8,,0.6
75 to 79,female,2001,22.6,,75 to 79,female,2001,23.1,,0.5
75 to 79,female,2002,21.8,,75 to 79,female,2002,22.3,,0.5
75 to 79,female,2003,20.9,,75 to 79,female,2003,21.3,,0.4
75 to 79,female,2004,19.2,,75 to 79,female,2004,19.6,,0.4
75 to 79,female,2005,19.6,,75 to 79,female,2005,20,,0.4
75 to 79,female,2006,19.3,,75 to 79,female,2006,19.6,,0.3
75 to 79,female,2007,18.7,,75 to 79,female,2007,19.1,,0.4
75 to 79,female,2008,19.3,,75 to 79,female,2008,19.7,,0.4
75 to 79,female,2009,19,,75 to 79,female,2009,19.3,,0.3
75 to 79,female,2010,18.3,,75 to 79,female,2010,18.8,,0.5
75 to 79,female,2011,19,,75 to 79,female,2011,19.5,,0.5
75 to 79,female,2012,17.4,,75 to 79,female,2012,17.9,,0.5
75 to 79,female,2013,18,,75 to 79,female,2013,18.5,,0.5
75 to 79,female,2014,16.4,,75 to 79,female,2014,16.9,,0.5
75 to 79,female,2015,15.1,,75 to 79,female,2015,15.7,,0.6
75 to 79,female,2016,13.5,,75 to 79,female,2016,14.2,,0.7
75 to 79,female,2017,12.5,,75 to 79,female,2017,13,,0.5
75 to 79,female,2018,12.5,,75 to 79,female,2018,13.2,,0.7
75 to 79,female,2019,11.2,,75 to 79,female,2019,11.9,,0.7
80 to 84,female,2000,32.8,,80 to 84,female,2000,34.3,,1.5
80 to 84,female,2001,28.8,,80 to 84,female,2001,29.9,,1.1
80 to 84,female,2002,25.4,,80 to 84,female,2002,26.3,,0.9
80 to 84,female,2003,25.5,,80 to 84,female,2003,26.4,,0.9
80 to 84,female,2004,25.5,,80 to 84,female,2004,26.5,,1
80 to 84,female,2005,22.4,,80 to 84,female,2005,23.2,,0.8
80 to 84,female,2006,22.3,,80 to 84,female,2006,23.3,,1
80 to 84,female,2007,20.5,,80 to 84,female,2007,21.4,,0.9
80 to 84,female,2008,20.4,,80 to 84,female,2008,21.4,,1
80 to 84,female,2009,18.5,,80 to 84,female,2009,19.3,,0.8
80 to 84,female,2010,18.9,,80 to 84,female,2010,19.9,,1
80 to 84,female,2011,19.7,,80 to 84,female,2011,20.7,,1
80 to 84,female,2012,16.6,,80 to 84,female,2012,17.5,,0.9
80 to 84,female,2013,18,,80 to 84,female,2013,19,,1
80 to 84,female,2014,17.2,,80 to 84,female,2014,18.2,,1
80 to 84,female,2015,15.8,,80 to 84,female,2015,17,,1.2
80 to 84,female,2016,13.9,,80 to 84,female,2016,15,,1.1
80 to 84,female,2017,13.6,,80 to 84,female,2017,14.6,,1
80 to 84,female,2018,13,,80 to 84,female,2018,14.1,,1.1
80 to 84,female,2019,13,,80 to 84,female,2019,14.1,,1.1
85 to 89,female,2000,36.2,,85 to 89,female,2000,39.2,,3
85 to 89,female,2001,35.8,,85 to 89,female,2001,38.6,,2.8
85 to 89,female,2002,33,,85 to 89,female,2002,35.4,,2.4
85 to 89,female,2003,30.3,,85 to 89,female,2003,32.3,,2
85 to 89,female,2004,26.7,,85 to 89,female,2004,28.2,,1.5
85 to 89,female,2005,24.7,,85 to 89,female,2005,26.8,,2.1
85 to 89,female,2006,25.2,,85 to 89,female,2006,27.1,,1.9
85 to 89,female,2007,26.8,,85 to 89,female,2007,28.9,,2.1
85 to 89,female,2008,22.7,,85 to 89,female,2008,24.6,,1.9
85 to 89,female,2009,21.9,,85 to 89,female,2009,23.7,,1.8
85 to 89,female,2010,21.1,,85 to 89,female,2010,23,,1.9
85 to 89,female,2011,20,,85 to 89,female,2011,22,,2
85 to 89,female,2012,17.4,,85 to 89,female,2012,19.3,,1.9
85 to 89,female,2013,17.9,,85 to 89,female,2013,20.1,,2.2
85 to 89,female,2014,15.6,,85 to 89,female,2014,17.6,,2
85 to 89,female,2015,14.5,,85 to 89,female,2015,16.5,,2
85 to 89,female,2016,14.3,,85 to 89,female,2016,16.2,,1.9
85 to 89,female,2017,11.5,,85 to 89,female,2017,13.1,,1.6
85 to 89,female,2018,12.6,,85 to 89,female,2018,14.4,,1.8
85 to 89,female,2019,11.1,,85 to 89,female,2019,12.8,,1.7
90 to 94,female,2000,37.4,,90 to 94,female,2000,42.5,,5.1
90 to 94,female,2001,32.4,,90 to 94,female,2001,39.2,,6.8
90 to 94,female,2002,33.6,,90 to 94,female,2002,40.8,,7.2
90 to 94,female,2003,27.4,,90 to 94,female,2003,30.9,,3.5
90 to 94,female,2004,23.4,,90 to 94,female,2004,29.3,,5.9
90 to 94,female,2005,27,,90 to 94,female,2005,31.2,,4.2
90 to 94,female,2006,23.8,,90 to 94,female,2006,27.8,,4
90 to 94,female,2007,26.9,,90 to 94,female,2007,31.3,,4.4
90 to 94,female,2008,22.5,,90 to 94,female,2008,26.2,,3.7
90 to 94,female,2009,21.7,,90 to 94,female,2009,25.1,,3.4
90 to 94,female,2010,20.9,,90 to 94,female,2010,24.7,,3.8
90 to 94,female,2011,19.1,,90 to 94,female,2011,22.5,,3.4
90 to 94,female,2012,18.3,,90 to 94,female,2012,21.9,,3.6
90 to 94,female,2013,18.3,,90 to 94,female,2013,22.2,,3.9
90 to 94,female,2014,14.7,,90 to 94,female,2014,18.1,,3.4
90 to 94,female,2015,15,,90 to 94,female,2015,18.3,,3.3
90 to 94,female,2016,12.8,,90 to 94,female,2016,15.9,,3.1
90 to 94,female,2017,12.7,,90 to 94,female,2017,16,,3.3
90 to 94,female,2018,12,,90 to 94,female,2018,15.3,,3.3
90 to 94,female,2019,8.5,,90 to 94,female,2019,10.9,,2.4
95 to 99,female,2000,,,95 to 99,female,2000,55.6,,
95 to 99,female,2001,,,95 to 99,female,2001,36,,
95 to 99,female,2002,,,95 to 99,female,2002,40.3,,
95 to 99,female,2003,,,95 to 99,female,2003,39.8,,
95 to 99,female,2004,...,,95 to 99,female,2004,24.2,,
95 to 99,female,2005,17.7,,95 to 99,female,2005,22.3,,4.6
95 to 99,female,2006,15.8,,95 to 99,female,2006,20.1,,4.3
95 to 99,female,2007,16.7,,95 to 99,female,2007,21.6,,4.9
95 to 99,female,2008,13.9,,95 to 99,female,2008,18.5,,4.6
95 to 99,female,2009,13.5,,95 to 99,female,2009,18.4,,4.9
95 to 99,female,2010,15.3,,95 to 99,female,2010,19,,3.7
95 to 99,female,2011,17.1,,95 to 99,female,2011,21.8,,4.7
95 to 99,female,2012,17.4,,95 to 99,female,2012,,,
95 to 99,female,2013,15,,95 to 99,female,2013,,,
95 to 99,female,2014,15.9,,95 to 99,female,2014,,,
95 to 99,female,2015,13.1,,95 to 99,female,2015,,,
95 to 99,female,2016,8.5,,95 to 99,female,2016,,,
95 to 99,female,2017,13.5,,95 to 99,female,2017,,,
95 to 99,female,2018,9.9,,95 to 99,female,2018,,,
95 to 99,female,2019,6.4,,95 to 99,female,2019,,,
100+,female,2000,,,100+,female,2000,13,,
100+,female,2001,,,100+,female,2001,22.1,,
100+,female,2002,,,100+,female,2002,0,,
100+,female,2003,,,100+,female,2003,23.8,,
100+,female,2004,...,,100+,female,2004,7.1,,
100+,female,2005,4.6,,100+,female,2005,6.4,,1.8
100+,female,2006,20.8,,100+,female,2006,29.4,,8.6
100+,female,2007,13.3,,100+,female,2007,20.6,,7.3
100+,female,2008,8.6,,100+,female,2008,13.9,,5.3
100+,female,2009,7.3,,100+,female,2009,12.3,,5
100+,female,2010,10.5,,100+,female,2010,15.1,,4.6
100+,female,2011,2.5,,100+,female,2011,3.5,,1
100+,female,2012,9.1,,100+,female,2012,,,
100+,female,2013,6.3,,100+,female,2013,,,
100+,female,2014,7.8,,100+,female,2014,,,
100+,female,2015,9.4,,100+,female,2015,,,
100+,female,2016,7,,100+,female,2016,,,
100+,female,2017,13.6,,100+,female,2017,,,
100+,female,2018,11.7,,100+,female,2018,,,
100+,female,2019,5,,100+,female,2019,,,
